winner,games,pc_win
X,58524,0.58524
O,28735,0.28735
D,12741,0.12741
